<?xml version="1.0" encoding="UTF-8"?>
<project-private xmlns="http://www.netbeans.org/ns/project-private/1">
    <editor-bookmarks xmlns="http://www.netbeans.org/ns/editor-bookmarks/2" lastBookmarkId="0"/>
    <open-files xmlns="http://www.netbeans.org/ns/projectui-open-files/2">
        <group>
            <file>file:/G:/javaCode/Ch4_20190811/src/ch4_20190811/Hero.java</file>
            <file>file:/G:/javaCode/Ch4_20190811/src/ch4_20190811/Ch4_7.java</file>
            <file>file:/G:/javaCode/Ch4_20190811/src/ch4_20190811/test2/Hero.java</file>
            <file>file:/G:/javaCode/Ch4_20190811/src/ch4_20190811/Employee.java</file>
            <file>file:/G:/javaCode/Ch4_20190811/src/ch4_20190811/test2/Ch4_5_2.java</file>
            <file>file:/G:/javaCode/Ch4_20190811/src/ch4_20190811/TestException.java</file>
        </group>
    </open-files>
</project-private>
